"Address","Total Volume","Total Transfer","Total Ditto Bought","Total Ditto Sold","From Block","To Block"
"0xD2C6dB857E3BaA87Fa15241181ed8bC2fBCB9E4C","155055.279007134","80055.279007134","75000","0","4,959,436","4,981,102"
"0x5cE9aD759E41BF1b3dFC1a41Db940A90d7a43460","91387.417165866","30462.472388622","30462.472388622","30462.472388622","4,959,436","4,981,102"
"0x957Cf4F4F0e81fB1F0a0873abCB8F3dB8282fD7B","76011.119299293","48131.395837336","27879.723461956997","0","4,959,436","4,981,102"
"0x70D8929d04b60Af4fb9B58713eBcf18765aDE422","59431.954738951994","0","0","59431.954738951994","4,959,436","4,981,102"
"0xa788C59880F31d6a9c3511A8064286682b01756b","56438.327496156","28219.163748078","28219.163748078","0","4,959,436","4,981,102"
"0xf13F7bF69a5E57Ea3367222C65DD3380096d3FBF","45561.724196086","23523.588270709","22038.135925377","0","4,959,436","4,981,102"
"0x20bCC3b8a0091dDac2d0BC30F68E6CBb97de59Cd","42178.154991724994","0","0","42178.154991724994","4,959,436","4,981,102"
"0x1ED322Bcf332f474518c4AeBAc33A5DAC706b62e","39153.625670056","0","39153.625670056","0","4,959,436","4,981,102"
"0x32E5D40d3ee62C3DaA4fE93a323BE0db49885E30","37987.220027828","0","37987.220027828","0","4,959,436","4,981,102"
"0x7c47cf5597aF0B91ead5F318cCf1d2c31FF93DBa","29336.62250864","11052.902519384","18283.719989256","0","4,959,436","4,981,102"
"0xb51423c14a448F81563CEbd54AB86719E5C46510","28740.178117448","14370.089058724","14370.089058724","0","4,959,436","4,981,102"
"0x0280f96A1eAb668c11C0537435796DAd6e16Efd0","28491.34812912","0","28491.34812912","0","4,959,436","4,981,102"
"0x8211d8CF743e011a2DE0ebea2DcCd44e897C4fe3","28173.354665709","28173.354665709","0","0","4,959,436","4,981,102"
"0x5C28C9B410049A905e4fb454a663BAb06a927CCD","23929.822830369","7976.607610123","7976.607610123","7976.607610123","4,959,436","4,981,102"
"0xaD0f466E5845f1AdE717844CfCC80fE827F5e532","22365.408077139","11420.83210632","10944.575970819","0","4,959,436","4,981,102"
"0xb57677FE25c35896560353467a9C78b97074755c","21635.356020482","14478.467853126","7156.888167356","0","4,959,436","4,981,102"
"0x8C39f76b8A25563d84D8bbad76443b0E9CbB3D01","19719.670839016","19719.670839016","0","0","4,959,436","4,981,102"
"0x371424d16edd2bDC59F66397039f6204B8aB23Ea","19000.757834464","9500.378917232","9500.378917232","0","4,959,436","4,981,102"
"0xe14FdE3bbBa7CB6D10F1E819c982D4b8A2aA0D38","15913.231021677999","4914.195394877","10999.035626801","0","4,959,436","4,981,102"
"0x7052927B73f0854209A6E95e9BB15eE8A06aaaF9","15608.163115182","5333.678598967","10274.484516215","0","4,959,436","4,981,102"
"0xA849bd39D0f406Ee4F14D4351505b51b4d5A39a0","15546.30909373","0","15546.30909373","0","4,959,436","4,981,102"
"0x423c85C28DEB718C8374536288C421e6E349665E","14833.555932707","7416.786829211","7416.769103496","0","4,959,436","4,981,102"
"0xaE8085B32Ae9aE8A0485D650Bb9DD32c0B76786b","13989.708307063","7143.804809655","6845.903497408","0","4,959,436","4,981,102"
"0x4817D574bdBA24A3a8302a747e514C6E1a2e98eF","13892.080352608999","4089.36493509","9802.715417518999","0","4,959,436","4,981,102"
"0x0BC1A5BC41c566489c20Ad3eC973FA38cbe36407","12964.801947541","12964.801947541","0","0","4,959,436","4,981,102"
"0x73AD197CE8B2859F95D73b4257e3878204F0b849","12833.177950384","12833.177950384","0","0","4,959,436","4,981,102"
"0xeb83ca387489Af2C798928d38C84000446F7DC09","12369.762537824","12369.762537824","0","0","4,959,436","4,981,102"
"0x4b9c19Ae685C58B535a1baB0Fdd925875E71eC50","12247.836248363","6188.438167444","6059.398080919","0","4,959,436","4,981,102"
"0x19bF20A818eB6e237523508B3bDFF016D2c95909","11998.567588016","7779.1643371949995","4219.403250821","0","4,959,436","4,981,102"
"0x0084f1798082146a3182AAa26A72A11f78AC7E2A","11679.485034012","3894.08971949","7785.395314522","0","4,959,436","4,981,102"
"0xaB744Ca5908405f093Cdb18a5061Bb1F13B217A7","11342.752856981","11342.752856981","0","0","4,959,436","4,981,102"
"0x7Bb89460599Dbf32ee3Aa50798BBcEae2A5F7f6a","11052.902519384","0","0","11052.902519384","4,959,436","4,981,102"
"0x9d40Ed38E2D73F3c0513176E4242ffdEc7F96dD7","10757.660565901999","5745.30901361","5012.351552292","0","4,959,436","4,981,102"
"0x9643693ce1d2bC6aE4F2048D9F24db0C3E07FF01","10285.292245127","5189.28827882","5096.003966307","0","4,959,436","4,981,102"
"0xA71F1c19a9e655D8f3E394d6E78193cB966e8fE2","10000","10000","0","0","4,959,436","4,981,102"
"0x7ECD2aA5190B77927a360a96c81623652B45073D","9194.495400902","4597.247700451","4597.247700451","0","4,959,436","4,981,102"
"0x50Aec6FE00a8854E9c3d65786D62780fc797d468","9102.729863100001","3034.2432877","3034.2432877","3034.2432877","4,959,436","4,981,102"
"0xAC8EB5c1c12CC1db3e37BB64cC9f2220e16395D9","8483.647389522","4241.823694761","4241.823694761","0","4,959,436","4,981,102"
"0x1BeDda29B3860d2AbE40A8f97047eFE01E184BC1","8457.824284686001","4283.343904737","4174.480379949","0","4,959,436","4,981,102"
"0x03fF6c83226CDB10c7a42A2c54c67D63A135Ab69","7967.859494327","0","0","7967.859494327","4,959,436","4,981,102"
"0xcd81917ff5313d02d7Da3d47a9Afcd3f635c36e3","7800","7800","0","0","4,959,436","4,981,102"
"0x44099bC16e1603D54b5fEC0D19aFCc04fc792DcD","7434.481719619","3838.434345148","3596.047374471","0","4,959,436","4,981,102"
"0x781CBa923aCc8445431ED2ffD11b2bCEcA898b5B","7275.256006786","0","7275.256006786","0","4,959,436","4,981,102"
"0xd560Bd64654A8467d7A4aAa9B661CD8BC1F648Bc","6678.549620918","2000","4678.549620918","0","4,959,436","4,981,102"
"0xde90cdE0A270d50C660f16474Ff3608ec33a6272","6606.163335162","3303.081667581","3303.081667581","0","4,959,436","4,981,102"
"0x2047240A2e2eF7dfb3c36Bbbf2535bd4d6f21308","6349.623673669","6349.623673669","0","0","4,959,436","4,981,102"
"0xc2f36A02C81870Ff43e1476c75E121e384D7Ae05","6017.351085932","4330.622510682","1686.72857525","0","4,959,436","4,981,102"
"0xFA18027C3201Fa33880091C74125Ed57BaF99f4c","5921.934447540001","3585.501638219001","2336.432809321","0","4,959,436","4,981,102"
"0xDa2eE83B6A9Ce5426E1661Cfd747eAE51fFD5083","5847.161965704","0","5847.161965704","0","4,959,436","4,981,102"
"0x4e65b4c364A194302E80d9576B9A0f9637777ec0","5800.289633819","1301.676132993","4498.613500826","0","4,959,436","4,981,102"
"0x72c29B863fAafcbFE1Db1A195c129BA8dC8e7e00","5737.853467435","0","5737.853467435","0","4,959,436","4,981,102"
"0xb70711A4F9eE75b0F9fbE1237D75bB95617E5D52","5613.669157792","5613.669157792","0","0","4,959,436","4,981,102"
"0x031F7067369eA3aA9C2d0885F5a2905D60f41949","5575.656963089999","2787.8284815449997","2787.8284815449997","0","4,959,436","4,981,102"
"0x22Da6663B02b56da94A7415f9B32c5Eb830D1cF8","5547.987029827","2773.993514914","2773.993514913","0","4,959,436","4,981,102"
"0x761B54902e011766224D4c0655946943d096C734","5032.208252613","0","5032.208252613","0","4,959,436","4,981,102"
"0x3A45468c2B85A969Ab3999f9b286da9bab226709","4991.890466478","2495.945233239","2495.945233239","0","4,959,436","4,981,102"
"0x43aA1a40F46c9A1D059b5EaA04c504d852a258f2","4860.023860449","2481.757379586","2378.2664808629997","0","4,959,436","4,981,102"
"0xeB9b4eE4CA6b2C15f152Ce4D19704e216d4aE43e","4859.621445479001","3190.369179754","1669.2522657250001","0","4,959,436","4,981,102"
"0x99CE2eC80940d03a30898421654A038E75ab54A8","4853.111255861","2499.921955787","2353.1893000739997","0","4,959,436","4,981,102"
"0x8dFc298C549aC38F208508bB9fBC0373d45dE502","4696.293360912","4696.293360912","0","0","4,959,436","4,981,102"
"0x827184a6995610c335337e981A8823260d5e6f8b","4580.297320275","0","4580.297320275","0","4,959,436","4,981,102"
"0x49C334F0eD0935BAB7F2BAa7Ce1d8e96172130b8","4430.530372936","2215.265186468","2215.265186468","0","4,959,436","4,981,102"
"0xa531014031cE6478eDD4ac58c7CfD228C01d2991","4307.891457068","1833.7239087770001","640.443639514","1833.7239087770001","4,959,436","4,981,102"
"0xf8809523434C17433DF82b62fbdfB51032406211","4219.949515781","4219.949515781","0","0","4,959,436","4,981,102"
"0x05Ec172253c98DAe04A8974f5639dD76F0FFDc6C","4212.4557408","1286.020315097","2926.435425703","0","4,959,436","4,981,102"
"0x606b48D6b2F4B168f99e1Bd47B382c8e403f15bA","4052.812081422","4052.812081422","0","0","4,959,436","4,981,102"
"0x30859d95B45D0d08C510aB81b4e1b5810cB921EF","4012.747542966","0","4012.747542966","0","4,959,436","4,981,102"
"0xbDbF87dE4F3A11862Fb6D192B6633785fE5B0Adf","3936.8608897309996","3936.8608897309996","0","0","4,959,436","4,981,102"
"0xa8C18870D52eB9b11feeD8D5046c90F6d9874FE0","3910.652012642","1952.008806802","1958.64320584","0","4,959,436","4,981,102"
"0x55D9217DE695cf70A0550AC3632674A928f4C439","3902.118040687","3902.118040687","0","0","4,959,436","4,981,102"
"0x901b676E27fA9CED94DCEa48F73C97780b908311","3750.161281815","3750.161281815","0","0","4,959,436","4,981,102"
"0xC60A516D057508d66E2497426166aD175cd06F40","3728.093612033","0","3728.093612033","0","4,959,436","4,981,102"
"0xC6974343724D389806010523E6E60Bd300f05E0e","3492.511054823","0","3492.511054823","0","4,959,436","4,981,102"
"0xdAE8F0C99f9E233a406647baf3052D5F34e26c86","3351.741531132","3351.741531132","0","0","4,959,436","4,981,102"
"0x7561EEe90e24F3b348E1087A005F78B4c8453524","3300","0","0","3300","4,959,436","4,981,102"
"0x144C6600127B5F744A32C3C893Bf941D60dB8837","3216.126560652","0","3216.126560652","0","4,959,436","4,981,102"
"0xBc159B71c296c21a1895a8dDf0aa45969c5F17c2","3099.022710288","0","3099.022710288","0","4,959,436","4,981,102"
"0x4d519ACc39b11D5C3DD4b44F3EaE657D08C5467e","2994.887430088","2994.887430088","0","0","4,959,436","4,981,102"
"0x325863B636ac400cFCF998F9651Cd85785E6CDdA","2842.683252624","1421.341626312","1421.341626312","0","4,959,436","4,981,102"
"0xA0bC9C00e21CA67Fc25722e8f13De9A000AAC317","2840.353125091","0","2840.353125091","0","4,959,436","4,981,102"
"0xb9940A8b1DD82F063CAB9d4E9318aE57653aFA94","2611.9","2611.9","0","0","4,959,436","4,981,102"
"0x48C66C89e2adAe75D2751cFC14F410a6bA4eE368","2549.656255317","0","2549.656255317","0","4,959,436","4,981,102"
"0x8240C103e4c7204A4D6228034F34C02f70b24E30","2498.1497844919995","1250.998411462","1247.1513730299998","0","4,959,436","4,981,102"
"0x20e409C080e4925B53DAF25292391f4D204A44dB","2355.402918836","0","2355.402918836","0","4,959,436","4,981,102"
"0x3b68b7D7731fe38A718eBba918A30AD0c153239b","2347.530140777","2347.530140777","0","0","4,959,436","4,981,102"
"0x6E2E1aE54CB6D71d2D107F2E9a385f5AF0d0c8D2","2293.652939112","2293.652939112","0","0","4,959,436","4,981,102"
"0xAd10BaA65269Ca502f619dEb10AEDc1154fD0c0A","2094.678703118","717.310361379","1377.368341739","0","4,959,436","4,981,102"
"0x1486EC3AfA21c8D32B98525d294129C068f6993b","2000.250904953","1000.250904953","1000","0","4,959,436","4,981,102"
"0xe409550E748cA1aA759a029B372E079AD5029341","1928.334370511","1928.334370511","0","0","4,959,436","4,981,102"
"0x16a290b03F4a9b3F23B2266b0eDE98fc83D53724","1877.765292294","1877.765292294","0","0","4,959,436","4,981,102"
"0x427efb4c5Fcf66Ce66b196DC636C2fd570A71885","1834.990364938","0","1834.990364938","0","4,959,436","4,981,102"
"0x72396666b859A499A603642Cb2c4C753192F9843","1774.7708952","650.958136685","1123.812758515","0","4,959,436","4,981,102"
"0xd18162C443677d78F110dAFFb560ed13F629f484","1755.687436065","889.623320426","866.064115639","0","4,959,436","4,981,102"
"0xF3300291704551BfD0ABB467bc9DDe8Db535c360","1751.558100796","875.779050398","875.779050398","0","4,959,436","4,981,102"
"0x4e70410Dc09bebD278ED1F76aFb2624221ff8A16","1748.0369333469998","892.630094767","855.40683858","0","4,959,436","4,981,102"
"0x832330AF846BD9048E25D72EDBeA7210fFb9ba55","1727.953875171","864.05681676","863.897058411","0","4,959,436","4,981,102"
"0x0591006eD390585407fd822fc31fD15De0b8AF5d","1722.532096756","0","1722.532096756","0","4,959,436","4,981,102"
"0xC4a827b53af641B91d23594ca1a6fB1A191BFcbE","1683.840135358","0","1683.840135358","0","4,959,436","4,981,102"
"0x41f4334253D0e60a818113e4c2fFFED86537A413","1664.789384313","0","1664.789384313","0","4,959,436","4,981,102"
"0x5E3CD27F36932Bc0314aC4e2510585798C34a2fC","1635.1417903689999","0","0","1635.1417903689999","4,959,436","4,981,102"
"0xfEFbe4cE8C79e2FbE6De722613759Ae4bf866E3D","1613.101227472","0","1613.101227472","0","4,959,436","4,981,102"
"0xBd560E6402a87919e93E566b8E8935ABAc9dF899","1588.605154029","794.302577015","794.302577014","0","4,959,436","4,981,102"
"0xbd3d8E7957A779c86efc915c6722681BA8B8A06E","1587.1616523239998","0","0","1587.1616523239998","4,959,436","4,981,102"
"0xB7070A013e5A9A8C4831d0F476875d521d4a1a9E","1500.742527567","774.835674938","725.906852629","0","4,959,436","4,981,102"
"0x3c97514c41D6b24693Cdb0bC691562A4c09e35C1","1409.527269382","1357.247305652","52.27996373","0","4,959,436","4,981,102"
"0x2cAc276eE74E86012B4F9f3f319c309F9B62677C","1350","1350","0","0","4,959,436","4,981,102"
"0xd132D2C24F29EE8ABb64a66559d1b7aa627Bd7fD","1327.5430782530002","0","0","1327.5430782530002","4,959,436","4,981,102"
"0x62c86Ea81F2dbC4De0328b3417dDEA8D62E97cBf","1300","1300","0","0","4,959,436","4,981,102"
"0xf1Ad0f34a54ae0C58841CAb0FE8cdb5724F0a68D","1295.395713948","0","1295.395713948","0","4,959,436","4,981,102"
"0x9E77208bAc593d5a473aeF130215130a2aF62aBA","1285.528594827","1285.528594827","0","0","4,959,436","4,981,102"
"0x17cB600737BF84e7CBc57e04335352e835Be9294","1252.618257237","0","0","1252.618257237","4,959,436","4,981,102"
"0xFc628C7afEE3d4C0c6246A2c6e2130C8f1E8D4B9","1249.0688288980002","0","1249.0688288980002","0","4,959,436","4,981,102"
"0x2f1ae6482B5aC2E9a4B6973d5D6f12fC9a3A3ebF","1248.1074076529999","624.053703827","624.053703826","0","4,959,436","4,981,102"
"0x3261c62176a468A1D3CAa536699Ae24dd7509108","1245.124429842","1245.124429842","0","0","4,959,436","4,981,102"
"0x6221b95701D76B87b4ebf0b72a2295ef0c718A66","1244.194870715","1244.194870715","0","0","4,959,436","4,981,102"
"0x3f2948B14aFc98Ba6d6081e8E67b20a06981388F","1207.193855468","0","1207.193855468","0","4,959,436","4,981,102"
"0xE8E61Db7918bD88E5ff764Ad5393e87D7AaEf9aD","1172.058169881","0","1172.058169881","0","4,959,436","4,981,102"
"0x78f758423B718D24169BA0d5B63F9B56282Bb7Cd","1150","575","575","0","4,959,436","4,981,102"
"0x50f9Dac832Fe49c50709A141f1D45917629881FF","1149.475268392","574.678747695","574.796520697","0","4,959,436","4,981,102"
"0x96797AD7c6Be5f8F1F24b1b4F1949b2445D1e349","1148.062414298","0","1148.062414298","0","4,959,436","4,981,102"
"0x46B350fA414742f5B0f332218E3387193DA5e6Bf","1144.864155334","1144.864155334","0","0","4,959,436","4,981,102"
"0x2EA9D1f6e430BFEF48bE33c6E6e43bcef417ed83","1095.431363867","1095.431363867","0","0","4,959,436","4,981,102"
"0x2AAf828ef1960DFc069614f080780B888f9F6D2d","1062.349423247","476.775593442","585.573829805","0","4,959,436","4,981,102"
"0x610e7a287c27dfFcaC0F0a94f547Cc1B770cF483","1048.85228993","0","0","1048.85228993","4,959,436","4,981,102"
"0xA7aa6159Ee2F233523D53eC17b15b2e61041ab5A","1031.3646859149999","0","1031.3646859149999","0","4,959,436","4,981,102"
"0xFa9fab8B13ad4c50a6C5B13F7cF1f1291746a376","1023.153569591","1023.153569591","0","0","4,959,436","4,981,102"
"0xF430f9Cc75dA51e7674785183F51f96b38d128ca","1020.6026363369999","0","1020.6026363369999","0","4,959,436","4,981,102"
"0x1729ddF119BA9653e9544f89a5d13AdC144050b5","1011.475257596","1011.475257596","0","0","4,959,436","4,981,102"
"0x4d5aF8CB8fB232eBb2cD051F147fde2af00327B0","1000","1000","0","0","4,959,436","4,981,102"
"0x5BF9C730bEF8eeF48e651799fD7f28C105ed2102","1000","1000","0","0","4,959,436","4,981,102"
"0xf91c342B6cAC5985eE3101084116Ca2Cd1F7834D","1000","0","1000","0","4,959,436","4,981,102"
"0x1Bd9ab10D6F2d870AD6d0853abF1c2E88481A325","993.717850905","993.717850905","0","0","4,959,436","4,981,102"
"0x0a43BED916d8f1C6944AC2a920717E556860bA5D","977.0253492840001","927.303007253","49.722342031","0","4,959,436","4,981,102"
"0x53cC62fe9d7D0c1642ceC459819A37E6b095c6dF","973.862972935","973.862972935","0","0","4,959,436","4,981,102"
"0x0FF5b9f0aC200737F4A6439344C3e23b08cCad8f","925.102954414","462.551477207","462.551477207","0","4,959,436","4,981,102"
"0x2E7698859A96De0DD240AA96AC6D47f90752b530","921.261902538","921.261902538","0","0","4,959,436","4,981,102"
"0x9d201Bb5da57460496F0D94afd60a5A13A3231D9","912.760303463","0","0","912.760303463","4,959,436","4,981,102"
"0x693638aFAfB363672762184462c34Fa4BDA6d70c","866.317573032","433.158786516","433.158786516","0","4,959,436","4,981,102"
"0x3fC736bd183E919aFD13b29c0892aA20978a6B98","847.675167205","486.29178421800003","361.383382987","0","4,959,436","4,981,102"
"0x3DdBa0fD2CE99A0700cc5AB708684C8A5f64C11B","832.917569508","416.458784754","416.458784754","0","4,959,436","4,981,102"
"0x490362b1b8eD702Df942C0512a82B87c9DE54bE2","832.829597418","832.829597418","0","0","4,959,436","4,981,102"
"0x060574fcfe9A4faF9292f0980501988026C26EAb","810.509416911","416.847584642","393.661832269","0","4,959,436","4,981,102"
"0xA995BB4b1c125AEC2d427f39357f31De662ea615","803.855681993","401.927840997","401.927840996","0","4,959,436","4,981,102"
"0x520ccb9918B93861FAf58e2f82e5d4651e6e74C0","796.608888494","796.608888494","0","0","4,959,436","4,981,102"
"0x66908cC2f112eb1f837F2ac14cdb68FFe5Af2a41","781","781","0","0","4,959,436","4,981,102"
"0xd9588fE5E2201974D222073BB1Fc91F8Ff40871C","776.284020688","516.341038661","259.942982027","0","4,959,436","4,981,102"
"0xc77CE36F6ddaF35A47b34f7728D44F92404AC422","774.835674938","0","0","774.835674938","4,959,436","4,981,102"
"0x21a0B6Fd81ec697E326228DF279F9Add0D1B021A","733.590319612","378.753810186","354.83650942599996","0","4,959,436","4,981,102"
"0x436198d5DE79fFE114C94296235C01F4A96f14fD","726.3491323420001","352","374.349132342","0","4,959,436","4,981,102"
"0x19BA65d5e63e417A50dFdB22c6E03B73A4A37779","726.281484802","363.140742401","363.140742401","0","4,959,436","4,981,102"
"0x7Bc585ffb8A30FFfa750475a1A15ed1DbeA33306","691.833358717","0","691.833358717","0","4,959,436","4,981,102"
"0xb40313DE3A069d1A35eDcC4F8CA0B501736c848A","686.300028092","686.300028092","0","0","4,959,436","4,981,102"
"0xAda1Cf818F6E57Ab9BCebf28678770465492eACe","676.076472778","0","676.076472778","0","4,959,436","4,981,102"
"0x917763074344Ab84e510Ee472FbeD616F6881fF2","630.497320008","630.497320008","0","0","4,959,436","4,981,102"
"0x727a8D0dbE7f13cc73c72BF5e8A23A686Bb29dbE","620.545507404","0","620.545507404","0","4,959,436","4,981,102"
"0x4d63f7F51492238cc37fAd0C6c2cCBC2108F5920","618.9706648399999","309.48533241999996","0","309.48533241999996","4,959,436","4,981,102"
"0xE97a8888C89951ED4567d61FbcA8a6c6C7E762c2","612.404968205","306.202484103","306.202484102","0","4,959,436","4,981,102"
"0x18F174Dedc76770aba8a302351c6f3B24a2e881e","600","600","0","0","4,959,436","4,981,102"
"0x410Ef4DF49583dAeec7A3CB09f85C2A9Ee658AFd","590.96510881","590.96510881","0","0","4,959,436","4,981,102"
"0x8589c5Cbd9919ea5D58Ee4c8084542F630dbc6d5","580.912901704","0","580.912901704","0","4,959,436","4,981,102"
"0xff91AcCd5277cc3de3E73DD77e3102b1980e439e","562.809134899","0","562.809134899","0","4,959,436","4,981,102"
"0x3bB2E3678810DA5108BAbC52f1c0E874037d51D4","549.783871259","549.783871259","0","0","4,959,436","4,981,102"
"0x36b7D2e5C7877392Fb17f9219efaD56F3D794700","548.137213874","0","0","548.137213874","4,959,436","4,981,102"
"0xF08F815C5Ed8AfaE45c912a02af4461646444190","530.948736554","312.44273279099997","218.506003763","0","4,959,436","4,981,102"
"0x678B87c33130D764FAd4124e17A5A425839B24ec","527.588952634","263.794476317","263.794476317","0","4,959,436","4,981,102"
"0xC8F35Ef4F442D5A49d230948aDAdDc95E6A8ea03","509.673997393","0","509.673997393","0","4,959,436","4,981,102"
"0x882c34e0A3405f713581B8c8C9650F3CC28DF488","500","100","400","0","4,959,436","4,981,102"
"0xF634A2d3747D88387b90e87DF5eC764e7734a348","500","0","500","0","4,959,436","4,981,102"
"0x75442ED8F02BcaF647A2b86b9fb1Fb22b7dbDb94","497.067463651","253.826088408","243.241375243","0","4,959,436","4,981,102"
"0x0DE07Ca6369BD302E60df74A45C94E64e18CE41F","496.554898828","249.851442754","246.703456074","0","4,959,436","4,981,102"
"0x7CAAA29e92c808264084879d652d5Dbd64cFD3b3","487.233328129","225.12620768","262.107120449","0","4,959,436","4,981,102"
"0x11c82905eeC9e42B846f596252132165d763c651","478.867921786","0","478.867921786","0","4,959,436","4,981,102"
"0x21f570418389080e2EC5dEf3A695408aFDf580B7","478.411129721","478.411129721","0","0","4,959,436","4,981,102"
"0xA5403cECD0F4Ffd25B5b86BCF1d2b8FD5CF7474d","472.083773641","0","472.083773641","0","4,959,436","4,981,102"
"0xA159BE9a18dD281eBfFd596A0d72886DACAFA135","464.47909247","232.239546235","232.239546235","0","4,959,436","4,981,102"
"0xAEF0A42a698d53dBE27caBe6C862C9DB76D0310D","457.662084785","457.662084785","0","0","4,959,436","4,981,102"
"0x5f6a541d4ad4540Ca9eBFa683A37D67D5Ac285fE","447.667910605","447.667910605","0","0","4,959,436","4,981,102"
"0x88D5deD1851291ED011333d95edBdA1627F5A34B","446.47626343999997","0","446.47626343999997","0","4,959,436","4,981,102"
"0x0984BaBAAF9ABaf228b80528d254f61a4F03c312","430.314634982","215.157317491","215.157317491","0","4,959,436","4,981,102"
"0x899F8363B14CF0caFB75DC01329AC5983277705b","426.76475498099995","122.166235128","304.59851985299997","0","4,959,436","4,981,102"
"0xD1551e051e0bDB702f9FD61028271d3DdeAA3AC6","422.061780197","214.59128156100002","207.470498636","0","4,959,436","4,981,102"
"0x455EFD272AFab5B9477e4EC298b811f29362ebC6","420.48468587","0","420.48468587","0","4,959,436","4,981,102"
"0x10C38452B23C94f9528Ce3527bd0a73D845d0cE9","414.445786004","414.445786004","0","0","4,959,436","4,981,102"
"0xEfC813A0492f5cadA0572957e2F69f8741E9b177","412.740045523","0","412.740045523","0","4,959,436","4,981,102"
"0x176F4c285A6a05504A46eE861843511574471654","410.803","410.803","0","0","4,959,436","4,981,102"
"0x63a25717141763484075b1F109988D8FCb4FB8Ea","406.278712363","0","406.278712363","0","4,959,436","4,981,102"
"0x92531330FEc4BB3fe5799C8E8e294D3dfC1e6285","401.588785022","200.794392511","200.794392511","0","4,959,436","4,981,102"
"0x48a5Db96247334cB27bc05D78e31239DA72C1154","401.585491726","401.585491726","0","0","4,959,436","4,981,102"
"0x8F71041deFa491438b932664F30ACc14a0a0a2fD","400","400","0","0","4,959,436","4,981,102"
"0xA0E373D0b2f870f15F5119C1c17555Cf6Ff93E50","382.614112632","0","382.614112632","0","4,959,436","4,981,102"
"0x639bd3079650239A1cC8006234139aA0b4BEbBf7","375.819605719","187.84957268","187.970033039","0","4,959,436","4,981,102"
"0x0D9FaDFEF67d0b8Aa410199085B5FB4a9bBE0776","371.106375507","0","371.106375507","0","4,959,436","4,981,102"
"0x34C8B3CE130b4ddEEBcc0B776482247F7400acB7","370","185","185","0","4,959,436","4,981,102"
"0x84f7CbCcA34f25816C2993513FB4A163F9333955","366","366","0","0","4,959,436","4,981,102"
"0x3c6e55bdf0a93c884655DFAF407d8c8393D27bA1","365.870681548","185.956249126","179.914432422","0","4,959,436","4,981,102"
"0x7b4dFE74259E8dcf0536B5fd00d1f25cdA376279","360.738850442","0","360.738850442","0","4,959,436","4,981,102"
"0x72426DC5F0f4Aa17a382eA8D69Fee7986a64fD80","359.041873311","359.041873311","0","0","4,959,436","4,981,102"
"0xc4A54FA093Cb54043c0472DB168689bC92c7185e","347.976871156","0","347.976871156","0","4,959,436","4,981,102"
"0x9F2215aD1207c0c9a9eC411a099362532e20c673","346.57566230099997","346.57566230099997","0","0","4,959,436","4,981,102"
"0x6398F936B423AdaAD3a58B2eb3683f826C717bD8","346.57566230099997","0","0","346.57566230099997","4,959,436","4,981,102"
"0x90de04c6BAc4a4119B4Eb7560b4B8A8681d4E147","334.497670085","334.497670085","0","0","4,959,436","4,981,102"
"0x97988d23302452730e7951aabf1A573eC88070Ec","327.119369591","312.057243406","15.062126185","0","4,959,436","4,981,102"
"0x4A9b9dC3597B11F46954BF7066B88d0A20eCB8Cf","321.974390184","0","321.974390184","0","4,959,436","4,981,102"
"0x075a73AA71BD5E29302033D4c180F57A08158853","315.936426626","315.936426626","0","0","4,959,436","4,981,102"
"0x3763A3263CEaca5e7Cc1Bc22A43920bAd9f743Cd","312.057243406","0","0","312.057243406","4,959,436","4,981,102"
"0xBe027EA9ff524750f0eb1339605AAD4f443db78e","308.689565289","308.689565289","0","0","4,959,436","4,981,102"
"0x9BF3aebe6eb7cb0AB720EA7CD85d0AD2948B0037","304.351526608","104.351526608","200","0","4,959,436","4,981,102"
"0xc7944961f1822F8B13e3e6DaC5024477ed3d3445","302.917790094","0","302.917790094","0","4,959,436","4,981,102"
"0xA1E7CaB73c09479ae60BE77E85c99171bA073B9b","300.518315309","155.158068354","145.360246955","0","4,959,436","4,981,102"
"0x252ec1DE31D503d5224434eF1864fD7A4ff14CD0","300","300","0","0","4,959,436","4,981,102"
"0x7a34bd64d18e44CfdE3ef4B81b87BAf3EB3315B6","297.274763029","0","0","297.274763029","4,959,436","4,981,102"
"0x9E2DAA7fe5ce29Be9D221d6e0C541007FF065de2","296.052080758","137.931933792","158.120146966","0","4,959,436","4,981,102"
"0x74b07c7823e6B87af1bF73f0E8AE575747E62180","283.188397438","177.735893866","105.452503572","0","4,959,436","4,981,102"
"0x2Ae44cDac6D5F117A020B06A3566AFc6C7B726be","279.256757968","279.256757968","0","0","4,959,436","4,981,102"
"0x2BbC455D7B68C6E0dd2D5612bA53fD8D1D4F74fa","279.256757968","0","0","279.256757968","4,959,436","4,981,102"
"0x88888888885Ed3f7E862f8bAE053Bf2aa6471375","268.793024942","268.793024942","0","0","4,959,436","4,981,102"
"0xcd84c2290C6BE1b3923CA84b715E40d4EFC25a37","267.195109376","267.195109376","0","0","4,959,436","4,981,102"
"0x4a34D99DA3351200A4a6E5cEF7f8482bD1A2AD87","263.822697216","0","263.822697216","0","4,959,436","4,981,102"
"0x55f5b2C16794984fFE10BB675fFB815029053506","253.112861976","0","253.112861976","0","4,959,436","4,981,102"
"0x7EcdeABfa0699f7bB9DeE92980b0e73BEbaC6014","251","0","251","0","4,959,436","4,981,102"
"0xaB1B3Ff600C054C1267A4829d18540Fdbe36350D","250","0","250","0","4,959,436","4,981,102"
"0x580B16423D14e7A6657dEB59c4A499727a7ac6BF","245.706090719","0","245.706090719","0","4,959,436","4,981,102"
"0x159881eE4E15625412A956172A3f9B88A9405500","244.697264698","0","0","244.697264698","4,959,436","4,981,102"
"0x8c76e1F978FFC54C3b5Ba1821193b190893a8cCd","244.12265446799998","244.12265446799998","0","0","4,959,436","4,981,102"
"0x3B28a3C45630Da79C64A0A5D349f0384000440fA","240.071915232","119.773691383","120.29822384900001","0","4,959,436","4,981,102"
"0x2F91A7d51084558c716F55aD70758E64B4a473be","237.778392357","237.778392357","0","0","4,959,436","4,981,102"
"0xfaE0C94b7D127B1900197A154F0FA98c54acE731","235.408587139","235.408587139","0","0","4,959,436","4,981,102"
"0x6eb4B610b15D32CaFC9503EA8488EEb5E61b3184","235.339263809","235.339263809","0","0","4,959,436","4,981,102"
"0x4B9187E1C4BC3735E48e76c55E4e58B013687A48","234.754281602","117.377140801","117.377140801","0","4,959,436","4,981,102"
"0xE9A9d251fBFbdd2efBCA56A03544681EDA1Ba57F","230","230","0","0","4,959,436","4,981,102"
"0x406a30CbeB5D52182BB320e268ad6250B24Ff29d","225.48889884800002","128.947531786","96.541367062","0","4,959,436","4,981,102"
"0x0Cb46A3Ab57d72de3752A99ac1D44A2A3f5C4852","224.74843638","224.74843638","0","0","4,959,436","4,981,102"
"0xcBe2cF3bd012e9C1ADE2Ee4d41DB3DaC763e78F3","224.74843638","0","0","224.74843638","4,959,436","4,981,102"
"0x47E53D33b5C0836C5071C8c3786c8af32814cf1a","223.893067216","111.946533608","111.946533608","0","4,959,436","4,981,102"
"0x6892F8a8a754280EE0f99c3aBe10b592e81537Ae","221.70109986","221.70109986","0","0","4,959,436","4,981,102"
"0x12E818ab9fF45B92141c4C432b93753fcA3D74d4","220","110","110","0","4,959,436","4,981,102"
"0xE03fe7Ab5a15311D8110157142444Ad7320A95fe","218.403322811","218.403322811","0","0","4,959,436","4,981,102"
"0xB38B907C042e0Ad102Db32a4F44D49a506187b59","218.068127555","115.63201128200001","102.436116273","0","4,959,436","4,981,102"
"0x21209985ff5850E529bB69b6FC022FD64d94A7eA","212.797911613","212.797911613","0","0","4,959,436","4,981,102"
"0xFaac86dDD277EF3b48c8472B3dfe08EEBbCF1Fa4","210.54867562","210.54867562","0","0","4,959,436","4,981,102"
"0xED04d3792C439b8Af827B3e46EE626827De53Db5","205.324865766","0","205.324865766","0","4,959,436","4,981,102"
"0xda7D9174A8a2Cc494540578456f52719BcB7f81F","203.218972265","203.218972265","0","0","4,959,436","4,981,102"
"0xdc114BE429aDdf8Fa30eDcE95Eac4135B2841582","202.153800216","0","202.153800216","0","4,959,436","4,981,102"
"0xc781817fdA53690342F7Ad50A32bc857160A9871","200","0","200","0","4,959,436","4,981,102"
"0xF11E28d05f798d8a6c3566cEdEf9Ae0A97e685dC","199.679938715","99.824208601","99.855730114","0","4,959,436","4,981,102"
"0x9CAecD89608ffd09Ad4A94A0b44bd10F68329610","197.105625283","33.778109255","163.327516028","0","4,959,436","4,981,102"
"0xc28A78A1119c530CE6035d474fE616C4eec4EE57","193.268272147","0","193.268272147","0","4,959,436","4,981,102"
"0x9c03a6588Cc45fE26d8d0d42095fac75ca325e71","188.924499452","94.462249726","94.462249726","0","4,959,436","4,981,102"
"0x43861a0833e819b6eA89532ac67Eb8eF1d4bf3da","188.264894722","188.264894722","0","0","4,959,436","4,981,102"
"0x0363b1Bc04365087ef6e1360e35872B60187a013","187.033231434","187.033231434","0","0","4,959,436","4,981,102"
"0x6293386ed2445ef0C462Cf757AF3B9429ca50AE8","186.692431776","93.346215888","93.346215888","0","4,959,436","4,981,102"
"0x518E0DBAfB15180636D7F2B7dA4a435dC68b6Ecf","182.661331841","182.661331841","0","0","4,959,436","4,981,102"
"0x27E3a65cb41ab532357681dAC4F8F9904C046819","177.97038839","177.97038839","0","0","4,959,436","4,981,102"
"0x165d755C72A7bA2603878Ba0e9F88F9FEe8EEd67","175.554377957","175.554377957","0","0","4,959,436","4,981,102"
"0xCBa4A403B2816Ab2129F0C0a29340cD8b185C1bb","174.85","174.85","0","0","4,959,436","4,981,102"
"0x696F83ff2025f77b18A555b276AACeA5eA9Ff538","173.199389165","0","173.199389165","0","4,959,436","4,981,102"
"0x6006194271b5559b9560775c0432a90944456Cb0","170.34047752499998","85.170238762","85.170238763","0","4,959,436","4,981,102"
"0xE48167d3B5DD6E57C8db154d950c7a7C941cF102","169.383403688","169.383403688","0","0","4,959,436","4,981,102"
"0xE901C5ACFeB1a56Fd442A18cA13916137653D20B","168.37868684","92.099743777","76.278943063","0","4,959,436","4,981,102"
"0x93cfAd7BC7f8cc4d6dBa1dC26B2072057E28B455","167.353289826","167.353289826","0","0","4,959,436","4,981,102"
"0xD51e444F3B688E5EdC44d1915Bd60c647465Cb24","163.873955517","0","163.873955517","0","4,959,436","4,981,102"
"0xB69d0b9189829140950fFb172a51a7f8fC689D5a","161.786571236","82.615853052","79.170718184","0","4,959,436","4,981,102"
"0xE68Dd24e67dbF9b491a7Ab97835f7Ef56cf2d8d3","161.361994429","0","161.361994429","0","4,959,436","4,981,102"
"0x0726f04ED722175600Bcbfe4D71CcF8913CFef8a","160.58056999299998","138.142951112","22.437618881","0","4,959,436","4,981,102"
"0x0E09C2e7F65ac90C6C9E4BE853aFf7dCffdcEBb4","153.440309907","153.440309907","0","0","4,959,436","4,981,102"
"0x65150B5Fa861481651225Ef4412136DCBf696232","152.192566846","152.192566846","0","0","4,959,436","4,981,102"
"0xf03674DD17ca97544E8cb14eE4C9D916776b640b","143.160153034","143.160153034","0","0","4,959,436","4,981,102"
"0x4D0D826013e444D737b9cc889372c4de83Aa40d5","141.908522092","0","141.908522092","0","4,959,436","4,981,102"
"0xA1B6C6FF990B6E086421ffeab6595EFBFf11B942","133.198931537","0","133.198931537","0","4,959,436","4,981,102"
"0x15Af233dBb06FF04802f178019A4eF3d40e35317","132.15761739","0","132.15761739","0","4,959,436","4,981,102"
"0x0bA1a3444f4f173e84Ebf9870f2fF03d59226C5e","132","0","132","0","4,959,436","4,981,102"
"0xe0b2B871AFf7aEE5411b68d8333BB4A103c84525","129.188581995","129.188581995","0","0","4,959,436","4,981,102"
"0xd21cA810372d54d5ae63F3fB0fd1B9B036826d75","128.823540673","128.823540673","0","0","4,959,436","4,981,102"
"0xC5f200FC2821674A62d3220111275B94EE67f18B","128.41207947","128.41207947","0","0","4,959,436","4,981,102"
"0x5f4eeE98600D3f56b587601917Febe47E3C3Feb7","127.998112527","127.998112527","0","0","4,959,436","4,981,102"
"0xD62677607C44bDf809C3C6DE074a0dF7eFCc0Fb5","125.465139704","0","125.465139704","0","4,959,436","4,981,102"
"0x288D08f8705A9Fc2e6D0d11b0ACaA91492ff6DFA","125.451506646","0","125.451506646","0","4,959,436","4,981,102"
"0x4AbB8FC1a98c6A145831aB933D4e6D140E4A06ca","124.656539035","0","124.656539035","0","4,959,436","4,981,102"
"0xBD204362579791CAf197732C7d2AFb3bd392C84e","124.641019121","0","124.641019121","0","4,959,436","4,981,102"
"0x253c76a0aBA3412997609dCc3d85B2bd17A881B9","124.268661725","0","124.268661725","0","4,959,436","4,981,102"
"0x086f51fcEd9Ff6c742D706C319112359E3658b08","124.264456852","0","124.264456852","0","4,959,436","4,981,102"
"0xcEc151a3Ed2C3a6bb93d83aa5c1E376bDA27C422","124.043000126","0","124.043000126","0","4,959,436","4,981,102"
"0xFFC02940b6F297bB3aaca6D790f65C1d28E891F7","123.535668935","0","123.535668935","0","4,959,436","4,981,102"
"0x7d8F4008dB8a7d82BA18ACd1924A142f4eA297B2","122.286723816","122.286723816","0","0","4,959,436","4,981,102"
"0x916E06C6eAB2ee40D443cb2E9aC2e7019b59C239","121.310679998","121.310679998","0","0","4,959,436","4,981,102"
"0xA8D547D000349b28a4E8C0289E15407c453Ad009","121.310679998","0","0","121.310679998","4,959,436","4,981,102"
"0x9e12a7b3fB1651b02B8F85C3a931d712627d8219","121.26611637799999","62.609882378","58.656234","0","4,959,436","4,981,102"
"0x6228E0E100292306cCe43980B5a163759B4e947F","120.50498708500001","0","0","120.50498708500001","4,959,436","4,981,102"
"0x975cF0259ba3Ab3a08D2A2686f0c867597126fD2","119.996198588","119.996198588","0","0","4,959,436","4,981,102"
"0x7A64F9efD93c8241fafbf80525fbd3b88516a6a6","118.895217097","50","68.895217097","0","4,959,436","4,981,102"
"0x4b9782cA6C988Bf947df52253b65a92945b28fFE","117.429989307","117.429989307","0","0","4,959,436","4,981,102"
"0xD5E60aFb7b346bb9AD4Eb5b4DE903F1508869feC","116.731942985","116.731942985","0","0","4,959,436","4,981,102"
"0x7d0f006E83F2a6F8a3b3be45d879Cbd3F2990cAB","116.242695489","116.242695489","0","0","4,959,436","4,981,102"
"0x82368ab19496FA66FB87C437d136A49323E90C97","116","0","116","0","4,959,436","4,981,102"
"0x68dcB9634ECE14aE648f281b52524e935723a779","115.508682703","115.508682703","0","0","4,959,436","4,981,102"
"0x730E2065b9dAeE84C3003C05Bf6D2b3A08e55667","115","0","0","115","4,959,436","4,981,102"
"0x20781bc3701C5309ac75291f5D09BdC23D7b7Fa8","114.27316552799999","0","0","114.27316552799999","4,959,436","4,981,102"
"0x49244772163B52d34e9ede3A5dEBCcB7eb771cb7","109.968659052","109.968659052","0","0","4,959,436","4,981,102"
"0x62279FF21053C9b1E0f16e2a6AA2c93Da28ad4dd","101.394958084","0","101.394958084","0","4,959,436","4,981,102"
"0x654794CCb564b29CCa08ABD1627D388984746964","101","0","101","0","4,959,436","4,981,102"
"0x350470324e73D777fdCc1D069BF2e5C396991582","100.162480326","0","100.162480326","0","4,959,436","4,981,102"
"0xBFaC7a17a3BbDBE2Df274e74f696F6aFA40DDaaF","100","70","30","0","4,959,436","4,981,102"
"0x39b2de8DC7337Fb3319bF7FAa4E420dB252f72C2","100","0","100","0","4,959,436","4,981,102"
"0x3d7c625968f1F99B9fa5Bc5b57838b90EE8E70d2","100","0","100","0","4,959,436","4,981,102"
"0xBA51D1AB95756ca4eaB8737eCD450cd8F05384cF","100","0","0","100","4,959,436","4,981,102"
"0xeE6FC1c14e7a579e755E60284aaA6a0B7B5e1117","100","0","100","0","4,959,436","4,981,102"
"0xb1610F689F6e069716e41d492223E9FacB2eaBe8","99.42452262","0","99.42452262","0","4,959,436","4,981,102"
"0x0a1433018709F9A577cD0947bceB0A8d802Ea8E2","99.423005481","99.423005481","0","0","4,959,436","4,981,102"
"0x8B147C4dB4e2616C0bAcfb29F5C61589BC0dE4dC","97.807430134","0","97.807430134","0","4,959,436","4,981,102"
"0x1bE79610B81Df611526351968c2Dbb81Dc8D36dD","96.57079364399999","0","96.57079364399999","0","4,959,436","4,981,102"
"0x00350949717bb9AB5E6FdCf7207DD7B7A43f6A59","96.08905211800001","33.176042053","62.913010065","0","4,959,436","4,981,102"
"0xC360139305d59873E5c3f2139e29e758073fdeC6","95.73","95.73","0","0","4,959,436","4,981,102"
"0xAF160118Dd5fE86fbD2B4efF890C544F8B034221","95","78","17","0","4,959,436","4,981,102"
"0x36D56068Ee69188169E46078640926a77e2D1BE6","92.489361511","92.489361511","0","0","4,959,436","4,981,102"
"0x5d2c672D008Ce103F75C9afC6c705a6027511ecc","92.489361511","0","0","92.489361511","4,959,436","4,981,102"
"0x221b07C446ebc8b629f8CB8A5045D1971a97a328","92.050427972","0","92.050427972","0","4,959,436","4,981,102"
"0xEBeA817A8036dD745280C8d80a7A7ed9500B16aA","90.07949943","90.07949943","0","0","4,959,436","4,981,102"
"0x1F3371C1119D0dcd5Bcefd89a448F4f6454914E2","90.01630666700001","46.475557566","43.540749101","0","4,959,436","4,981,102"
"0xeA8B8E0D631ECFD7A233BB7Ca6aC187d2C3603ea","84.802437912","50.152437912","34.65","0","4,959,436","4,981,102"
"0x56C77d59E82f33c712f919D09FcedDf49660a829","82.536751849","0","0","82.536751849","4,959,436","4,981,102"
"0xC7101ba0C7AfEBEcf4B53E49C612DF3Fb6Af9929","82.432748785","0","82.432748785","0","4,959,436","4,981,102"
"0x4d0228EBEB39f6d2f29bA528e2d15Fc9121Ead56","81.987522612","0","0","81.987522612","4,959,436","4,981,102"
"0x90E428F06387D4AC7D8465B07F5CC2c313c657f4","80.913029996","80.913029996","0","0","4,959,436","4,981,102"
"0x7D939c274A0afC042FA001Ba58f3f4822d71ab8F","80.26023957000001","41.522763156","38.737476414","0","4,959,436","4,981,102"
"0x899CcFe278237c6d2BFCfD19C204ed93a48D5428","80","40","40","0","4,959,436","4,981,102"
"0xe02752824b6B11E027080e75f692bD22B3dC7091","79.861127908","39.930563954","39.930563954","0","4,959,436","4,981,102"
"0x65Ccf28a85A9FaD5C4c7712aFf31fc6B6f5f9542","78.228186221","78.228186221","0","0","4,959,436","4,981,102"
"0x047891bbDAB8AD2f096CAD1b3D630fd33c23F7BD","77.848350523","77.848350523","0","0","4,959,436","4,981,102"
"0x3C5dC084F930FA360c4d93cc71a30ff782007D3C","77.748499686","38.874249843","38.874249843","0","4,959,436","4,981,102"
"0xb00154e628C7880cEdDF01c36888Fa9e6FD3ecb9","74.76","74.76","0","0","4,959,436","4,981,102"
"0x71323A8860d9AEED8968B12453B337692DA3C0FD","74.462182241","0","74.462182241","0","4,959,436","4,981,102"
"0xa5eb380d092F529DB25C66F9AF883D13Bd09eaeC","74.161448108","0","74.161448108","0","4,959,436","4,981,102"
"0x6BFB3736F762928878Bd476492470810c2348184","73.386663851","0","73.386663851","0","4,959,436","4,981,102"
"0xB13D1fFA00beD4b4c837CAF8130Fdffef175adF1","70.332641428","0","70.332641428","0","4,959,436","4,981,102"
"0x74728bA4275ACd127Bb808576F7cde8f2B61e105","69.88124388","0","69.88124388","0","4,959,436","4,981,102"
"0x73ABc3a5369Ebf9902566a78A72aBd01Ba6e967D","69.106040199","69.106040199","0","0","4,959,436","4,981,102"
"0x76486D10186F5Ae9a899D51366D663d878590f67","68.76530913","68.76530913","0","0","4,959,436","4,981,102"
"0xC728D9E8b853f9add3C8340a7990EacBe724458b","68.76530913","0","0","68.76530913","4,959,436","4,981,102"
"0x39B301d3429dCeB69a7a1Ba05284d4c83fFFb5D7","67.973582277","0","67.973582277","0","4,959,436","4,981,102"
"0x2Fa76E78CB4d5e31a46D614beaf190F0Dc22B47c","66.40451738899999","0","0","66.40451738899999","4,959,436","4,981,102"
"0xdb4A78d9e9FB1D2bd61FB4F3cbab460Cf09D4590","66.380039773","66.380039773","0","0","4,959,436","4,981,102"
"0x8F10EE3Bc23de70729A8866F8a4f71634bFc6229","65.970218431","0","65.970218431","0","4,959,436","4,981,102"
"0xA7D73E0BD0C66aFEf4EfC77b51516bFc09f418f1","65.229474834","0","65.229474834","0","4,959,436","4,981,102"
"0xb938f42Ae5569B12b16fC490b940dA08C155ba97","64.80606045","0","64.80606045","0","4,959,436","4,981,102"
"0x2a1e755880A126111fF63f516a5df2b3A9DD7F7d","63.248524906","0","63.248524906","0","4,959,436","4,981,102"
"0x27df3B059FC5A6D70FBf72f5996E24a068BB54B5","63","0","63","0","4,959,436","4,981,102"
"0x4856b32DFdfCeAA95549AEaE2f1D52b971A73587","62.46677086","62.46677086","0","0","4,959,436","4,981,102"
"0x3501148f59b6554C840Bf47BB60c38cF904B794C","62.014898461","32.018387447","29.996511014","0","4,959,436","4,981,102"
"0xFE69FB531698B534a2Bc895940C5d37876b04Db3","61.767370034","0","61.767370034","0","4,959,436","4,981,102"
"0x2332403C1E87e6380c5Ba379159176Cb3972a896","60.450756714","0","60.450756714","0","4,959,436","4,981,102"
"0x1F5Db7f0987e6398260426bC0A39Bc815947703C","58.825152758","0","58.825152758","0","4,959,436","4,981,102"
"0x45a9e8D48BC560416008D122C9437927fEd50E7d","58.057500501","0","0","58.057500501","4,959,436","4,981,102"
"0xd7C5e4099A6e8B4b46F6686326004ecca6Ffd538","57.717788028","28.858894014","28.858894014","0","4,959,436","4,981,102"
"0xB44fd43Ed45a02536e73C692A4BEf1457905F6FF","56.610242691","0","56.610242691","0","4,959,436","4,981,102"
"0xb446fF75dB87Aa359E3d96cBC93A6e64FdfF9e16","56.216619838","28.108309919","28.108309919","0","4,959,436","4,981,102"
"0xC091095D275FEd94E9541053268282bc528ed338","55","0","55","0","4,959,436","4,981,102"
"0xe29A7620a61802b24956E3647C82047aED334C3B","54.991734681","0","54.991734681","0","4,959,436","4,981,102"
"0xA03bD3dEbCebb8DC28E38Bae122638B131A45b0d","53.203988368","0","53.203988368","0","4,959,436","4,981,102"
"0xA4E4DFA9d828E35B48D88697b550d305f1D99D4b","52.359048662999996","41.576599652","10.782449011","0","4,959,436","4,981,102"
"0x9ca576ebE3f3f94e8fCAc0fF80200C65a55A0abF","50","25","0","25","4,959,436","4,981,102"
"0x0f7Cf9bB390F1F9ad09c18D4132C6b027D5DA828","50","50","0","0","4,959,436","4,981,102"
"0xaF1322E527c560636596e82AC3CaD56F0A58E6F8","50","50","0","0","4,959,436","4,981,102"
"0x1Eb17ebeB0dB87E2aF94F2058879f3daE05a4eeA","50","0","50","0","4,959,436","4,981,102"
"0xf833E4607756cA97131e7C75D8E34a5387fD61B4","49.489080279","0","49.489080279","0","4,959,436","4,981,102"
"0x1e3f032Ac92bb26ce862d492538F81660965bB43","48.408181377","48.408181377","0","0","4,959,436","4,981,102"
"0x51B663Cb98BC7dD7d01eeC3f53Bc7eb81696faA2","47.371782133","47.371782133","0","0","4,959,436","4,981,102"
"0x58B58cab6C5cF158f63A2390b817710826d116D0","46.029720637","0","0","46.029720637","4,959,436","4,981,102"
"0x38Eb0F9229C7Ca5b575c890B8486B59948E2acAd","43","43","0","0","4,959,436","4,981,102"
"0xa0f6d4Aa790926e25608AEFAC7Ff2BfE939db7f5","41.970381092","41.970381092","0","0","4,959,436","4,981,102"
"0xe1CCF26dFDD963C55a2B49e166Fdd007B3537A58","40.22638732","20.11319366","20.11319366","0","4,959,436","4,981,102"
"0x7Dc353726dbC36B3fD8F6ec4C290cD8247056C70","40","40","0","0","4,959,436","4,981,102"
"0xd3784Cfaf0471B99F37C339Db3D302E8a13B1A7a","39.89283865","34.89283865","5","0","4,959,436","4,981,102"
"0x7f4F341B95fcaF4bcCa67748a2935b53fA78cc8B","39.822640822","39.822640822","0","0","4,959,436","4,981,102"
"0xcf56e11ACbE383c0287941Bc8ee2D3Ca7B7AB34a","38.913949485","0","38.913949485","0","4,959,436","4,981,102"
"0x82FceCe3186A1Dd6028f63fe57A2849E5c3b69e2","38.680118466","38.680118466","0","0","4,959,436","4,981,102"
"0xA68ab42025862BB10A8926A72441625035be2863","38.504292941","0","38.504292941","0","4,959,436","4,981,102"
"0xd58EBB4bf44a8dDF6C82943914397DBe9C323e01","38.39015416","25.634401935","12.755752225","0","4,959,436","4,981,102"
"0xee76155702f7072Fa8eaC7f51C7D78246403569b","38.30119664","0","38.30119664","0","4,959,436","4,981,102"
"0xe211228a4deC569219021927FCe52768746De3C4","37.482094474","0","37.482094474","0","4,959,436","4,981,102"
"0xFeaCd6424D484Ce69e5d611E24adAd70Ded7E983","37.301449059999996","18.686554289","18.614894771","0","4,959,436","4,981,102"
"0xbE9172f7d238145deAC19a1B9A04FC61d6D08530","37.117413509","37.117413509","0","0","4,959,436","4,981,102"
"0xf3f826735402C8AC133692E69A7d1D94c62f2a9d","37.069732076","37.069732076","0","0","4,959,436","4,981,102"
"0x9d3FCBDbaD1FE6Ce7F4eC7AEED4Ee61dAE7BbC94","36.885108175","36.885108175","0","0","4,959,436","4,981,102"
"0xe1c15F1f8d2a99123F7a554865cef7b25e06d698","36.690051716","0","36.690051716","0","4,959,436","4,981,102"
"0xdF777C7c432403A81a34897ddCfDA6E6E26D65c0","34.795883263","34.795883263","0","0","4,959,436","4,981,102"
"0x4dfFA61c62A5F93911c4E8E74ec16C07d3237113","31.98751283","15.993756415","15.993756415","0","4,959,436","4,981,102"
"0x06f3d17947e09b1E080561fe3dfCDE567B4a5aEf","30.579942684","30.579942684","0","0","4,959,436","4,981,102"
"0x8b020107Cdf76F347d7E2A787827E9715C6215eA","30.193593992","30.193593992","0","0","4,959,436","4,981,102"
"0x97c5250b774f0F720505Fc979C1c00980B544412","30.060470593","30.060470593","0","0","4,959,436","4,981,102"
"0x0783fdE9d3dEc4AAb1e5BaC66601CD252c2B05f3","30","15","15","0","4,959,436","4,981,102"
"0xF1122Ced568b6553b813e549b22593FAC6a2E1E0","29.709038842","19.085659020999998","10.623379821","0","4,959,436","4,981,102"
"0x5898465cdD24B21084287D985B852c89eF22C3fe","28.343345332","19.044698415","9.298646917","0","4,959,436","4,981,102"
"0x9fD8867051EF32Fe319459eE6CEbDE904A0ccf15","27.439125386","27.439125386","0","0","4,959,436","4,981,102"
"0xF9A61dBe308a30FA5A501AB0fD77FB58Ae9DC49c","27.192683621999997","13.59592367","13.596759952","0","4,959,436","4,981,102"
"0xB826Cb5F3e88bab53a88a12648BEFd950929a57d","26.702315662","14.500507069","12.201808593","0","4,959,436","4,981,102"
"0xFEE04b4f45B1cb7E5d0a747Dc842440F162f73f5","26.209833230999998","13.118000228","13.091833003","0","4,959,436","4,981,102"
"0x83b72BCa2ec409B33717F621FBc5B4330041513a","26.111359642","26.111359642","0","0","4,959,436","4,981,102"
"0x5223D54ADc9818320E81EEB27cdc6E8103C619E0","26","26","0","0","4,959,436","4,981,102"
"0x4dec284D3E48b3DFE7629C971207B9fFD282523C","25.911793893","5.911793893","20","0","4,959,436","4,981,102"
"0xD31FC04EBcD4fA3442eBA575aD3Aa3a5ff5fBdCa","25.847860719","0","25.847860719","0","4,959,436","4,981,102"
"0x61F9DCdD0637b28D8E289d47dafc54aDA5Bc00b8","25.346883575","12.943314101","12.403569474","0","4,959,436","4,981,102"
"0xF33807E9C8D15D5df99aF79e4EdaDAF79825F503","25.161075906","0","25.161075906","0","4,959,436","4,981,102"
"0x7ec1020174945F2324eB037EAaD6fDafe69CCF97","25.018539652","0","25.018539652","0","4,959,436","4,981,102"
"0x966B1F330B7d574a24CC552BfD194895d283F527","24.774207769","24.774207769","0","0","4,959,436","4,981,102"
"0xa3a685baB7e9b0392E5948F91C5985D4Bc50fB11","24.55415226","0","24.55415226","0","4,959,436","4,981,102"
"0x734d121596590d5cb373F7f5e5044C7BDedFA0FB","24.469207074","12.584591436","11.884615638","0","4,959,436","4,981,102"
"0x223C03623FcE2843c29F5CB05afd7F5740595882","24.351017648","0","24.351017648","0","4,959,436","4,981,102"
"0xb500d933b379bC33fC8332aDf917495917e3915c","23.680449965","0","23.680449965","0","4,959,436","4,981,102"
"0x610d7d4Df716b22D49B7AD4189C84340e87fba37","23.361198321","12.394896257","10.966302064","0","4,959,436","4,981,102"
"0xbb077fcF982bE06b022Aecab1490f17a15BB9634","22.817999999999998","22.817999999999998","0","0","4,959,436","4,981,102"
"0x06524e080EBbc696CE5701A815a672672bD63069","22.355782259","22.355782259","0","0","4,959,436","4,981,102"
"0x8F36CA065E3ae0E8f3c1Dd3F2B1579b2147865C4","22.241620451","22.241620451","0","0","4,959,436","4,981,102"
"0xf202e2Ca970F5d026d3B6dcb803156C3992ca56F","21.758060161","21.758060161","0","0","4,959,436","4,981,102"
"0x2fBB3AA3A30A78b03D024aee8cc56d490019d647","21.621107694000003","10.810424963","10.810682731","0","4,959,436","4,981,102"
"0xeAF00fba3710607517DFbDA38f45233BC90070e0","21.015823846","0","21.015823846","0","4,959,436","4,981,102"
"0xf5b1FDCEEa1193a0960A451bcC4bfcAA0548c1d9","20.945297279","0","20.945297279","0","4,959,436","4,981,102"
"0x485a501ec46a9b3A7B61a7A489932c11E5afC101","20.434778375","20.434778375","0","0","4,959,436","4,981,102"
"0x7841e9007de06bC31b6b56E5295e51d02DC7aCc0","20.099411965","20.099411965","0","0","4,959,436","4,981,102"
"0x9bb7d6Fd4b4f45a474e6a80A3D6460debF22849C","20","0","20","0","4,959,436","4,981,102"
"0x42cd905C3292C1B2dD471465197972A13F43BE0C","20","0","20","0","4,959,436","4,981,102"
"0x70e790d4BDcD0DA098ed86feC9109Ec84e9B8BeF","19.858700064","19.858700064","0","0","4,959,436","4,981,102"
"0xA12C87881fECCC2CA1F8e1E7ECbDa8Af3A89Ab3c","19.858700064","0","0","19.858700064","4,959,436","4,981,102"
"0x579eA971B72a67aCf43d84740a87B3444fFd4f4D","19.462739958","19.462739958","0","0","4,959,436","4,981,102"
"0xBAea13F6e61EFd45972fD773200273B00bc6c630","19.352244486","19.352244486","0","0","4,959,436","4,981,102"
"0x0Da0160a39BC2C17eDC824Cbd7B93188dd223063","19.352244486","0","0","19.352244486","4,959,436","4,981,102"
"0x28704266c9d008d8f4e177Fdc249EDcF3A8b4B55","19","19","0","0","4,959,436","4,981,102"
"0xf1c5303876Ed4B5624ad06C3833e8fF40cA7eacE","18.668584644","9.513783633","9.154801011","0","4,959,436","4,981,102"
"0xa59aFEd44886869a60135A801EE706fb84fb137c","18.252354822","0","18.252354822","0","4,959,436","4,981,102"
"0x2D4F1C5aCB0bC5701eA61A2096729F82471aA4dB","17.781329114","17.781329114","0","0","4,959,436","4,981,102"
"0x6D23cc45f2D3D77d13ebc64CcC355AeFbaa25f8B","17.617184169","17.617184169","0","0","4,959,436","4,981,102"
"0xF6ee04094cc035E35E6AF42a883aD7c5bd2b234C","16.247456604","16.247456604","0","0","4,959,436","4,981,102"
"0xBc0F8001f1aAa8340eF8966d1E1fDb7A54568265","16.184495401","16.184495401","0","0","4,959,436","4,981,102"
"0x78e4651db26d19038a48e10501E43Bb986062a73","16.101619563","8.050809782","8.050809781","0","4,959,436","4,981,102"
"0xbA7db2d1148872Ea276B39966BdEBB7Ae709b576","16.084114495","0","16.084114495","0","4,959,436","4,981,102"
"0x0d600231396c7DD6FB52A84EEBd00C1Bab742333","15.180973396","0","15.180973396","0","4,959,436","4,981,102"
"0xE0a602b217e4b76D43987A88Ea7f8d724417710d","15.067275189","0","15.067275189","0","4,959,436","4,981,102"
"0x9cE216927524F14eB48fe81a9162224AAB63C6c6","14.971098728","14.971098728","0","0","4,959,436","4,981,102"
"0x581fbE2A4Fab634372348e7169A9a0648aD51435","14.865944332","14.865944332","0","0","4,959,436","4,981,102"
"0xEA3cde6394F2047678503404E68648df86AFB98A","14.342767072","14.342767072","0","0","4,959,436","4,981,102"
"0x9F40e8a2Fcaa267A0c374B6c661E0b372264cC3D","14.342767072","0","0","14.342767072","4,959,436","4,981,102"
"0x336015005c53370b0Ed68554c364E1e42cfeE561","13.388573341","13.388573341","0","0","4,959,436","4,981,102"
"0x8A290a2641ee251B168bc9Bc3D735bfE5A86f009","13.273788486","13.273788486","0","0","4,959,436","4,981,102"
"0xFB74d9B6f8439E391aa30AaEC7F98C44243dF229","12.981054301","12.981054301","0","0","4,959,436","4,981,102"
"0x1f5Ab226a62308eBDA42430cf24448615deaeF55","12.394896257","0","0","12.394896257","4,959,436","4,981,102"
"0x5621c39232DA43152b2E1C1cddf5E3498d01568f","12.385323078","12.385323078","0","0","4,959,436","4,981,102"
"0x60bB03D1010b99CEAdD0dd209b64bC8bd83da161","12.351555553","0","0","12.351555553","4,959,436","4,981,102"
"0x23f8D6E07b4b968f7cC6ADEc83154878f43a8fD8","12","12","0","0","4,959,436","4,981,102"
"0x09aA9A3210de0d9e26F6ef22dA60832Bdc01CE39","11.763064693","0","11.763064693","0","4,959,436","4,981,102"
"0xBD1C93834719BAC7e4f677410FDc11A4c0dFf883","11.233837374","11.233837374","0","0","4,959,436","4,981,102"
"0x5234B6C970c5D986067d853c820eFb8285BdA7F8","11.110599818","0","0","11.110599818","4,959,436","4,981,102"
"0x98b899e6E787d39D0d16D7828E3A043c92eab5D7","11.064617686","5.532308843","5.532308843","0","4,959,436","4,981,102"
"0xDc32A5e21889BA8E60Dbc42bd3f5fB44fd98283B","10.109627607","10.109627607","0","0","4,959,436","4,981,102"
"0x9FFD90112F307f9d108b1126211AE430b38DA678","10.024004154","0","10.024004154","0","4,959,436","4,981,102"
"0xC77017b5a3a5475362eABA5A9BD52C980Cb18e3a","10","0","10","0","4,959,436","4,981,102"
"0x69777b6E37b2da9b60746E6A269c113f3ddfd5A3","10","0","0","10","4,959,436","4,981,102"
"0x6417A6BBCe5059B4d0DF7c187f9E2730942ccfF9","9.844831906","0","9.844831906","0","4,959,436","4,981,102"
"0x3F3fe93175d8D963feBFAd182168fd754e1451FC","9.56","9.56","0","0","4,959,436","4,981,102"
"0xaC812662587D6b3447f9dbB51b7209e594F81598","9.46","9.46","0","0","4,959,436","4,981,102"
"0x1D762DD9D27bE67423c14194c60562551EA6355c","9.232555912","9.232555912","0","0","4,959,436","4,981,102"
"0xB273B91d969C8603c9914f001A2364A166B30598","8.79123712","0","8.79123712","0","4,959,436","4,981,102"
"0x0d3A44E4c49aDfb3c9852F8a556815A4BDF80bAD","8.49","8.49","0","0","4,959,436","4,981,102"
"0x842FFC6Aa3B09120C838eC6C9DB6Fb42ca0D790E","8.423386522","8.423386522","0","0","4,959,436","4,981,102"
"0x96A4438D28393715325FF67A15535b1ED51081Ae","8.369860263","8.369860263","0","0","4,959,436","4,981,102"
"0x266b100d8daD1278BCe3C3f30570967286febE2b","8.1080476","0","8.1080476","0","4,959,436","4,981,102"
"0x82bc4A1Bc72a959Bab05Fda0Eb61cd559FF04804","7.051491745","7.051491745","0","0","4,959,436","4,981,102"
"0x4E8d52B62A585891760f2CE7F6f16d0d0bEde67B","6.785805092","0","6.785805092","0","4,959,436","4,981,102"
"0x105A65aD99Ec17C59AF33b5ee696fd317Ae52826","6.606006785","0","6.606006785","0","4,959,436","4,981,102"
"0xb4DD62E97A80a4DDa159af9824121231F1061087","6.582229398","6.582229398","0","0","4,959,436","4,981,102"
"0x00Ba9d40FA2102995cFB4f1717C1E3F9714ca2B3","6.359713579","6.359713579","0","0","4,959,436","4,981,102"
"0xa791F752c25Bf7f6Fa6aB7E260384392222f16D7","6.320337629","6.320337629","0","0","4,959,436","4,981,102"
"0x837cD42282801E340f1F17AAdf3166fEE99fb07c","5.911793893","0","0","5.911793893","4,959,436","4,981,102"
"0x59b052d91cbE169384d515183c7e99E1cfd046AD","4.936626282","4.936626282","0","0","4,959,436","4,981,102"
"0x0E1aCD2421Fe707F2036A47E165b7FD2C0e6dF84","4.668529164","4.668529164","0","0","4,959,436","4,981,102"
"0x8D266e2fc8421638389a1b01c3D299569751289C","4.2853","4.2853","0","0","4,959,436","4,981,102"
"0xFDEc0E17a746A42A1ca3A8cd6e883C974ac2B520","4.117704199","4.117704199","0","0","4,959,436","4,981,102"
"0x1Ce1B007f2E31BeEA71927CeA713819D671E2c0F","4","0","4","0","4,959,436","4,981,102"
"0x1beB91B31e14051d564E813823d649eec4D900F3","3.428969937","0","3.428969937","0","4,959,436","4,981,102"
"0x2109C3A180ACF9DfAbFDD7547f7f07ba53c70E90","3","0","3","0","4,959,436","4,981,102"
"0x9Cf61EE54b05258dB8F87755A48e2Ea7a919e4f0","2.958601142","2.958601142","0","0","4,959,436","4,981,102"
"0xd0465A8Be81854eE579cC045B2636d673dBDF413","2.79936312","1.39968156","1.39968156","0","4,959,436","4,981,102"
"0x633C3f64829224464b181ef32F1B51fC729b07a7","2.664366076","2.664366076","0","0","4,959,436","4,981,102"
"0xB5Ab3996808c7e489DCDc0f1Af2AB212ae0059aF","2.018785942","0","0","2.018785942","4,959,436","4,981,102"
"0x996b979741702C12D511152126309070DDED8039","2","2","0","0","4,959,436","4,981,102"
"0xd80Fa556b785016914254fdb055E2EF4c89045c5","2","2","0","0","4,959,436","4,981,102"
"0x2D52F7BaE61912f7217351443eA8a226996a3Def","1.722393649","1.722393649","0","0","4,959,436","4,981,102"
"0x7F93eE529e7e9950d957c75Ec46A33F19aD80a90","1.679482644","1.679482644","0","0","4,959,436","4,981,102"
"0x72C8280dEFC12277281ce52820e10C7816197B4e","1.666393576","1.666393576","0","0","4,959,436","4,981,102"
"0x7C8DA84c4a4b4ba9BDad65332C6Fd46BBB04b884","1.381025119","1.381025119","0","0","4,959,436","4,981,102"
"0x22AF2ddd9483B49200EDfAD1aed232Aa9528DEC5","1.242618661","0","1.242618661","0","4,959,436","4,981,102"
"0x6A9ae0b8A3717D8CaaDCe065D273b9a0882bE8A3","1.163622792","0","1.163622792","0","4,959,436","4,981,102"
"0x022767857E4Eb9fd83CC70B886fFB1E42E81dEc5","1.148861674","0","1.148861674","0","4,959,436","4,981,102"
"0xA8d50D5650070c9044f0A6216FCF3b12622bFa3c","1.139881892","1.139881892","0","0","4,959,436","4,981,102"
"0xE1845c8bc921e34Bb4d988Fdba356c56286bB151","1.109236949","0","1.109236949","0","4,959,436","4,981,102"
"0xC53d8683Ed3d15E105f76Ff181eE44f881c2E056","1.055049209","0","1.055049209","0","4,959,436","4,981,102"
"0x858C0e07214bAf3ca3A609Abc7f216c8435edeAD","1","1","0","0","4,959,436","4,981,102"
"0xd130e18CcF2198F46757731E38be16f9D2F57d52","0.994829624","0.994829624","0","0","4,959,436","4,981,102"
"0x08f33dD442dc03b3E260B843210692aA354fF285","0.654672944","0.654672944","0","0","4,959,436","4,981,102"
"0x5064ab983b20fdC4256F2B6898367B150a1f4F23","0.654672944","0","0","0.654672944","4,959,436","4,981,102"
"0xab12af7C904E0f214BD1C647203948adeCE0Cd9e","0.637760823","0.637760823","0","0","4,959,436","4,981,102"
"0xcD4ac902C19e582AdFaa99aE3A2C61A14183E3ED","0.221488728","0.221488728","0","0","4,959,436","4,981,102"
"0x08261F2e2e8101aE916085A64763008C544B0120","0.182947447","0","0.182947447","0","4,959,436","4,981,102"
"0xfBF235bBa9C69c8B5730da2EC94a1c38ee824B13","0.024477616","0.024477616","0","0","4,959,436","4,981,102"
"0x9e24D0AdEbA512f1244aD5b91B86956458c524b3","3e-9","3e-9","0","0","4,959,436","4,981,102"
"0x3dC4a6350eb24787F73Ce3bC6a0C22597626A201","2e-9","2e-9","0","0","4,959,436","4,981,102"
"0x56a55707997238952e74679fa7f3663890A9546e","1e-9","1e-9","0","0","4,959,436","4,981,102"
"0x06e5698e7C168964eC70512C68627aD525c59956","1e-9","1e-9","0","0","4,959,436","4,981,102"